Categories;Manufacturer;Article;Status;Quantity;Price;Model;Name;Images
Camera;HTC;796366;1;938;100.0000;Product 1;HTC Touch HD;catalog/demo/htc_touch_hd_1.jpg
Camera;Palm;600972;1;999;100.0000;Product 2;Palm Treo Pro;catalog/demo/palm_treo_pro_1.jpg
Camera;Canon;513452;0;6;100.0000;Product 3;Canon EOS 5D;catalog/demo/canon_eos_5d_1.jpg
Camera;Not data;691401;1;1000;100.0000;Product 4;Nikon D300;catalog/demo/nikon_d300_1.jpg
Camera;Apple;243932;1;999;100.0000;Product 5;iPod Touch;catalog/demo/ipod_touch_1.jpg
Camera;Not data;117116;1;1000;100.0000;Product 6;Samsung SyncMaster 941BW;catalog/demo/samsung_syncmaster_941bw.jpg
Camera;Apple;603582;1;1000;100.0000;Product 7;iPod Shuffle;catalog/demo/ipod_shuffle_1.jpg
Camera;Apple;570098;1;994;100.0000;Product 9;iPod Nano;catalog/demo/ipod_nano_1.jpg
Camera;Apple;176432;1;969;800.0000;product 11;iPhone;catalog/demo/iphone_1.jpg
Camera;Apple;557844;1;0;100.0000;Product 14;iMac;catalog/demo/imac_1.jpg
Camera;Apple;243333;1;929;100.0000;Product 16;MacBook;catalog/demo/macbook_1.jpg
Camera;Apple;868715;1;1000;100.0000;Product 17;MacBook Air;catalog/demo/macbook_air_1.jpg
Camera;Apple;818112;1;998;100.0000;Product 18;MacBook Pro;catalog/demo/macbook_pro_1.jpg
Camera;Sony;674939;1;1000;100.0000;Product 19;Sony VAIO;catalog/demo/sony_vaio_1.jpg
Camera;Hewlett-Packard;799798;1;1000;100.0000;Product 21;HP LP3065;catalog/demo/hp_1.jpg
Camera;Apple;test 1;0;994;100.0000;product 20;iPod Classic;catalog/demo/ipod_classic_1.jpg